Rk,Player,Nation,Pos,Squad,Age,Born,Playing Time_MP,Playing Time_Starts,Playing Time_Min,Playing Time_90s,Performance_Gls,Performance_Ast,Performance_G+A,Performance_G-PK,Performance_PK,Performance_PKatt,Performance_CrdY,Performance_CrdR,Per 90 Minutes_Gls,Per 90 Minutes_Ast,Per 90 Minutes_G+A,Per 90 Minutes_G-PK,Per 90 Minutes_G+A-PK
1,Adnane Abid,be BEL,"MF,FW",Standard Liège,21,2003,34,26,2107,23.4,2,5,7,2,0,0,5,1,0.09,0.21,0.30,0.09,0.30
2,Orseer Achihi,ng NGA,FW,Antwerp,18,2006,2,0,14,0.2,0,0,0,0,0,0,0,0,0.00,0.00,0.00,0.00,0.00
3,Desmond Acquah,be BEL,"MF,FW",Dender,23,2002,11,2,243,2.7,0,1,1,0,0,0,1,0,0.00,0.37,0.37,0.00,0.37
4,Noah Adedeji,be BEL,MF,Genk,20,2005,25,12,1028,11.4,1,1,2,1,0,0,0,0,0.09,0.09,0.18,0.09,0.18
5,Farouck Adekami,ci CIV,"MF,FW",Antwerp,18,2006,21,12,1139,12.7,2,2,4,2,0,1,7,0,0.16,0.16,0.32,0.16,0.32
6,Oluwaseun Adewumi,at AUT,"FW,MF",Cercle Brugge,20,2005,32,16,1591,17.7,5,0,5,5,0,0,2,0,0.28,0.00,0.28,0.28,0.28
7,Ryan Adewusi,be BEL,FW,Dender,20,2005,1,0,24,0.3,0,0,0,0,0,0,0,0,0.00,0.00,0.00,0.00,0.00
8,Mohammed El Âdfaoui,be BEL,MF,Gent,17,2008,4,0,68,0.8,0,1,1,0,0,0,0,0,0.00,1.32,1.32,0.00,1.32
9,Jerry Afriyie,gh GHA,FW,La Louvière,18,2006,31,29,2486,27.6,5,1,6,5,0,0,7,0,0.18,0.04,0.22,0.18,0.22
10,Lawrence Agyekum,gh GHA,MF,Cercle Brugge,21,2003,29,25,1877,20.9,0,2,2,0,0,0,5,0,0.00,0.10,0.10,0.00,0.10
11,Jules Ahoka,cd COD,DF,Antwerp,19,2006,2,1,99,1.1,0,0,0,0,0,0,0,0,0.00,0.00,0.00,0.00,0.00
12,Marley Aké,fr FRA,"MF,FW",Zulte Waregem,24,2001,30,16,1749,19.4,8,0,8,8,0,0,1,0,0.41,0.00,0.41,0.41,0.41
13,Takahiro Akimoto,jp JPN,"DF,MF",OH Leuven,27,1998,31,30,2711,30.1,0,0,0,0,0,0,4,0,0.00,0.00,0.00,0.00,0.00
14,Josimar Alcocer,cr CRC,MF,Westerlo,21,2004,35,33,2703,30.0,3,4,7,3,0,0,6,0,0.10,0.13,0.23,0.10,0.23
15,Mathys Angély,fr FRA,DF,Anderlecht,18,2007,4,3,280,3.1,0,0,0,0,0,0,0,0,0.00,0.00,0.00,0.00,0.00
16,Nilson Angulo,ec ECU,MF,Anderlecht,22,2003,22,22,1894,21.0,6,5,11,6,0,0,4,1,0.29,0.24,0.52,0.29,0.52
17,Bill Antonio,zw ZIM,MF,Mechelen,22,2002,33,7,1177,13.1,1,1,2,1,0,0,2,0,0.08,0.08,0.15,0.08,0.15
18,Tiago Araújo,pt POR,"DF,MF",Gent,24,2001,34,31,2688,29.9,1,4,5,1,0,0,8,0,0.03,0.13,0.17,0.03,0.17
19,Tolu Arokodare,ng NGA,FW,Genk,24,2000,4,0,84,0.9,1,0,1,1,0,0,0,0,1.07,0.00,1.07,1.07,1.07
20,Raymond Asante,gh GHA,FW,Charleroi,21,2004,2,0,19,0.2,0,0,0,0,0,0,0,0,0.00,0.00,0.00,0.00,0.00
21,Dirk Asare,be BEL,MF,Zulte Waregem,21,2004,11,9,818,9.1,0,0,0,0,0,0,1,0,0.00,0.00,0.00,0.00,0.00
22,Majeed Ashimeru,gh GHA,MF,La Louvière,27,1997,9,6,410,4.6,0,0,0,0,0,0,2,1,0.00,0.00,0.00,0.00,0.00
23,Steeven Assengue,be BEL,DF,Standard Liège,20,2005,6,0,117,1.3,0,0,0,0,0,0,0,0,0.00,0.00,0.00,0.00,0.00
24,Lynnt Audoor,be BEL,MF,Club Brugge,21,2003,7,3,197,2.2,0,1,1,0,0,0,0,0,0.00,0.46,0.46,0.00,0.46
25,Ludwig Augustinsson,se SWE,DF,Anderlecht,31,1994,27,24,2073,23.0,0,3,3,0,0,0,4,0,0.00,0.13,0.13,0.00,0.13
26,Rachid Ayindé,bf BFA,DF,Gent,20,2005,2,0,9,0.1,0,0,0,0,0,0,0,0,0.00,0.00,0.00,0.00,0.00
27,Isaac Babadi,nl NED,MF,Antwerp,20,2005,17,3,479,5.3,0,0,0,0,0,0,1,0,0.00,0.00,0.00,0.00,0.00
28,Bilal Bafdili,be BEL,"MF,FW",Mechelen,20,2004,19,11,855,9.5,1,3,4,1,0,0,2,0,0.11,0.32,0.42,0.11,0.42
29,Michel-Ange Balikwisha,cd COD,MF,Antwerp,24,2001,4,4,345,3.8,1,0,1,0,1,1,0,0,0.26,0.00,0.26,0.00,0.00
30,William Balikwisha,cd COD,MF,OH Leuven,26,1999,11,3,302,3.4,0,0,0,0,0,0,0,0,0.00,0.00,0.00,0.00,0.00
31,Hassane Bandé,bf BFA,"FW,MF",Mechelen,26,1998,7,0,72,0.8,0,0,0,0,0,0,0,0,0.00,0.00,0.00,0.00,0.00
32,David Bates,sct SCO,DF,Standard Liège,28,1996,18,15,1377,15.3,1,0,1,1,0,0,3,0,0.07,0.00,0.07,0.07,0.07
33,Alama Bayo,gn GUI,FW,Cercle Brugge,19,2006,5,0,17,0.2,0,0,0,0,0,0,0,0,0.00,0.00,0.00,0.00,0.00
34,Emin Bayram,tr TUR,DF,Westerlo,22,2003,38,38,3320,36.9,4,2,6,3,1,1,4,2,0.11,0.05,0.16,0.08,0.14
35,Alexis Beka Beka,fr FRA,MF,La Louvière,24,2001,7,2,171,1.9,1,0,1,1,0,0,0,0,0.53,0.00,0.53,0.53,0.53
36,Rafik Belghali,dz ALG,DF,Mechelen,23,2002,3,3,239,2.7,0,0,0,0,0,0,1,0,0.00,0.00,0.00,0.00,0.00
37,Mouhamed Belkheir,fr FRA,FW,La Louvière,26,1999,3,2,167,1.9,0,0,0,0,0,0,0,0,0.00,0.00,0.00,0.00,0.00
38,Quentin Benaets,be BEL,FW,Charleroi,21,2003,1,0,7,0.1,0,0,0,0,0,0,0,0,0.00,0.00,0.00,0.00,0.00
39,Mauricio Benítez,ar ARG,"MF,DF",Antwerp,21,2004,27,17,1501,16.7,3,0,3,3,0,0,4,0,0.18,0.00,0.18,0.18,0.18
40,Antoine Bernier,be BEL,MF,Charleroi,27,1997,38,31,2355,26.2,7,2,9,7,0,0,7,0,0.27,0.08,0.34,0.27,0.34
41,Adriano Bertaccini,be BEL,"MF,FW",Anderlecht,24,2000,32,17,1545,17.2,6,1,7,6,0,0,7,1,0.35,0.06,0.41,0.35,0.41
42,Adriano Bertaccini,be BEL,"FW,MF",Sint-Truiden,24,2000,1,0,28,0.3,1,1,2,1,0,0,0,0,3.21,3.21,6.43,3.21,6.43
43,Mohamed Berte,be BEL,FW,Dender,23,2002,28,8,967,10.7,2,0,2,2,0,0,1,0,0.19,0.00,0.19,0.19,0.19
44,Joshua Bethume,be BEL,MF,Anderlecht,16,2009,3,0,36,0.4,0,0,0,0,0,0,0,0,0.00,0.00,0.00,0.00,0.00
45,Aaron Bibout,cm CMR,FW,Genk,20,2004,20,12,1107,12.3,6,0,6,6,0,0,0,0,0.49,0.00,0.49,0.49,0.49
46,Glenn Bijl,nl NED,"DF,MF",Antwerp,30,1995,11,8,643,7.1,0,0,0,0,0,0,1,0,0.00,0.00,0.00,0.00,0.00
47,Mateo Biondic,hr CRO,"FW,MF",Union SG,22,2003,15,9,756,8.4,4,2,6,4,0,0,0,0,0.48,0.24,0.71,0.48,0.71
48,Lewin Blum,ch SUI,DF,Charleroi,24,2001,32,17,1784,19.8,0,1,1,0,0,0,8,0,0.00,0.05,0.05,0.00,0.05
49,Bouke Boersma,nl NED,FW,Mechelen,20,2005,17,15,1320,14.7,3,3,6,3,0,0,1,0,0.20,0.20,0.41,0.20,0.41
50,Naoufal Bohamdi-Kamoni,be BEL,FW,Westerlo,17,2007,11,0,116,1.3,0,1,1,0,0,0,0,0,0.00,0.78,0.78,0.00,0.78
51,Boli Bolingoli-Mbombo,be BEL,DF,Standard Liège,30,1995,3,1,116,1.3,0,0,0,0,0,0,0,0,0.00,0.00,0.00,0.00,0.00
52,Sofiane Boufal,ma MAR,"FW,MF",Union SG,31,1993,9,0,178,2.0,0,1,1,0,0,0,0,0,0.00,0.51,0.51,0.00,0.51
53,Amine Boukamir,ma MAR,MF,Charleroi,18,2006,7,6,448,5.0,0,0,0,0,0,0,1,0,0.00,0.00,0.00,0.00,0.00
54,Mehdi Boukamir,ma MAR,DF,Charleroi,21,2004,16,1,302,3.4,0,0,0,0,0,0,0,0,0.00,0.00,0.00,0.00,0.00
55,Rosen Bozhinov,bg BUL,DF,Antwerp,20,2005,16,15,1278,14.2,1,0,1,1,0,0,1,0,0.07,0.00,0.07,0.07,0.07
56,Myron van Brederode,nl NED,"FW,MF",Mechelen,22,2003,34,32,2833,31.5,9,5,14,8,1,1,2,0,0.29,0.16,0.44,0.25,0.41
57,Lucas Bretelle,fr FRA,MF,La Louvière,23,2002,1,0,14,0.2,0,1,1,0,0,0,0,0,0.00,6.43,6.43,0.00,6.43
58,Lucca Brughmans,be BEL,GK,Genk,17,2008,10,10,900,10.0,0,0,0,0,0,0,0,0,0.00,0.00,0.00,0.00,0.00
59,Eliot Bujupi,xk KVX,FW,Westerlo,19,2006,5,0,13,0.1,0,0,0,0,0,0,1,0,0.00,0.00,0.00,0.00,0.00
60,Christian Burgess,eng ENG,DF,Union SG,33,1991,35,35,3146,35.0,2,3,5,2,0,0,16,1,0.06,0.09,0.14,0.06,0.14
61,Royer Caicedo,co COL,DF,Cercle Brugge,19,2006,2,1,76,0.8,0,0,0,0,0,0,0,0,0.00,0.00,0.00,0.00,0.00
62,Alexandro Calut,be BEL,"DF,MF",Standard Liège,22,2003,9,4,418,4.6,0,0,0,0,0,0,1,0,0.00,0.00,0.00,0.00,0.00
63,Etienne Camara,fr FRA,MF,Charleroi,22,2003,38,38,3016,33.5,2,3,5,2,0,0,13,1,0.06,0.09,0.15,0.06,0.15
64,Ilay Camara,sn SEN,"DF,MF",Anderlecht,22,2003,25,17,1303,14.5,2,1,3,2,0,0,1,0,0.14,0.07,0.21,0.14,0.21
65,Shandre Campbell,za RSA,MF,Club Brugge,20,2005,11,0,105,1.2,1,0,1,1,0,0,1,0,0.86,0.00,0.86,0.86,0.86
66,Yannick Cappelle,be BEL,"DF,MF",Zulte Waregem,22,2003,30,22,2016,22.4,1,1,2,1,0,0,2,0,0.04,0.04,0.09,0.04,0.09
67,Alessio Castro-Montes,be BEL,MF,Union SG,28,1997,5,2,144,1.6,0,0,0,0,0,0,0,0,0.00,0.00,0.00,0.00,0.00
68,Vic Chambaere,be BEL,GK,Union SG,22,2003,9,8,765,8.5,0,0,0,0,0,0,1,0,0.00,0.00,0.00,0.00,0.00
69,Nikoloz Chikovani,ge GEO,FW,Charleroi,18,2007,1,0,1,0.0,0,0,0,0,0,0,0,0,0.00,0.00,0.00,0.00,0.00
70,Ibrahima Cissé,sn SEN,FW,Gent,17,2007,11,1,276,3.1,1,0,1,1,0,0,1,0,0.33,0.00,0.33,0.33,0.33
71,Yoann Cissé,fr FRA,MF,Charleroi,20,2004,5,0,29,0.3,0,0,0,0,0,0,0,0,0.00,0.00,0.00,0.00,0.00
72,Thomas Claes,be BEL,MF,Zulte Waregem,21,2004,34,32,2775,30.8,2,1,3,2,0,0,3,0,0.06,0.03,0.10,0.06,0.10
73,Antoine Colassin,be BEL,"MF,FW",Charleroi,24,2001,29,6,630,7.0,2,2,4,2,0,0,2,0,0.29,0.29,0.57,0.29,0.57
74,Kobe Cools,be BEL,DF,Dender,28,1997,19,15,1325,14.7,0,0,0,0,0,0,2,0,0.00,0.00,0.00,0.00,0.00
75,Colin Coosemans,be BEL,GK,Anderlecht,32,1992,38,38,3420,38.0,0,0,0,0,0,0,2,0,0.00,0.00,0.00,0.00,0.00
76,Jo Coppens,be BEL,GK,Sint-Truiden,34,1990,1,0,2,0.0,0,0,0,0,0,0,0,0,0.00,0.00,0.00,0.00,0.00
77,Antonio Cordero,es ESP,MF,Westerlo,18,2006,7,0,92,1.0,0,0,0,0,0,0,0,0,0.00,0.00,0.00,0.00,0.00
78,Coba da Costa,es ESP,MF,Anderlecht,23,2002,5,2,147,1.6,0,0,0,0,0,0,2,0,0.00,0.00,0.00,0.00,0.00
79,Mihajlo Cvetković,rs SRB,"FW,MF",Anderlecht,18,2007,29,19,1622,18.0,9,2,11,9,0,0,4,1,0.50,0.11,0.61,0.50,0.61
80,Amine Daali,be BEL,MF,Dender,21,2004,5,0,110,1.2,0,0,0,0,0,0,1,0,0.00,0.00,0.00,0.00,0.00
81,Gabriel David,ng NGA,FW,Antwerp,18,2007,8,0,118,1.3,0,0,0,0,0,0,1,0,0.00,0.00,0.00,0.00,0.00
82,Promise David,ca CAN,FW,Union SG,24,2001,24,17,1489,16.5,9,1,10,9,0,1,1,0,0.54,0.06,0.60,0.54,0.60
83,Nathan De Cat,be BEL,MF,Anderlecht,17,2008,36,34,2725,30.3,2,4,6,2,0,0,8,0,0.07,0.13,0.20,0.07,0.20
84,Luc De Fougerolles,ca CAN,DF,Dender,19,2005,27,18,1650,18.3,0,1,1,0,0,0,6,2,0.00,0.05,0.05,0.00,0.05
85,Benoit De Jaegere,be BEL,DF,Zulte Waregem,21,2004,17,10,931,10.3,0,0,0,0,0,0,1,0,0.00,0.00,0.00,0.00,0.00
86,Bo De Kerf,be BEL,DF,Dender,21,2003,8,5,459,5.1,0,0,0,0,0,0,1,1,0.00,0.00,0.00,0.00,0.00
87,Gilles De Meyer,be BEL,DF,Gent,18,2006,1,0,8,0.1,0,0,0,0,0,0,0,0,0.00,0.00,0.00,0.00,0.00
88,Kamiel Van De Perre,be BEL,MF,Union SG,21,2004,30,25,2201,24.5,0,3,3,0,0,0,9,0,0.00,0.12,0.12,0.00,0.12
89,Alexander De Ridder,be BEL,MF,Anderlecht,17,2008,1,0,36,0.4,0,0,0,0,0,0,1,0,0.00,0.00,0.00,0.00,0.00
90,Celestin De Schrevel,be BEL,GK,La Louvière,23,2002,2,2,180,2.0,0,0,0,0,0,0,0,0,0.00,0.00,0.00,0.00,0.00
91,Tibe De Vlieger,be BEL,MF,Gent,19,2005,24,17,1565,17.4,0,0,0,0,0,0,5,0,0.00,0.00,0.00,0.00,0.00
92,August De Wannemacker,be BEL,MF,Genk,16,2008,3,0,42,0.5,0,0,0,0,0,0,0,0,0.00,0.00,0.00,0.00,0.00
93,Nils De Wilde,be BEL,MF,Cercle Brugge,22,2003,10,0,99,1.1,0,0,0,0,0,0,1,0,0.00,0.00,0.00,0.00,0.00
94,Ortwin De Wolf,be BEL,GK,Mechelen,28,1997,8,7,675,7.5,0,0,0,0,0,0,1,0,0.00,0.00,0.00,0.00,0.00
95,Max Dean,eng ENG,"FW,MF",Gent,21,2004,23,11,1180,13.1,7,1,8,5,2,3,2,1,0.53,0.08,0.61,0.38,0.46
96,Massimo Decoene,be BEL,DF,Mechelen,21,2004,8,2,242,2.7,0,0,0,0,0,0,4,0,0.00,0.00,0.00,0.00,0.00
97,Tristan Degreef,be BEL,MF,Anderlecht,20,2005,34,21,1884,20.9,4,2,6,4,0,0,3,1,0.19,0.10,0.29,0.19,0.29
98,Maxime Delanghe,be BEL,GK,Cercle Brugge,24,2001,18,17,1591,17.7,0,0,0,0,0,0,1,0,0.00,0.00,0.00,0.00,0.00
99,Martin Delavallée,be BEL,GK,Charleroi,21,2004,21,21,1890,21.0,0,0,0,0,0,0,0,0,0.00,0.00,0.00,0.00,0.00
100,Mathias Delorge,be BEL,MF,Gent,21,2004,19,18,1269,14.1,0,3,3,0,0,0,1,0,0.00,0.21,0.21,0.00,0.21
101,Isaías Delpupo,ar ARG,MF,Sint-Truiden,22,2003,4,0,25,0.3,0,0,0,0,0,0,0,0,0.00,0.00,0.00,0.00,0.00
102,Dani van den Heuvel,nl NED,GK,Club Brugge,22,2003,10,8,764,8.5,0,0,0,0,0,0,0,0,0.00,0.00,0.00,0.00,0.00
103,Anthony Descotte,be BEL,FW,Charleroi,21,2003,3,1,93,1.0,0,0,0,0,0,0,0,0,0.00,0.00,0.00,0.00,0.00
104,Enis Destan,tr TUR,FW,Westerlo,23,2002,3,1,97,1.1,0,0,0,0,0,0,1,0,0.00,0.00,0.00,0.00,0.00
105,Niels Devalckeneer,be BEL,GK,Antwerp,21,2004,1,1,90,1.0,0,0,0,0,0,0,0,0,0.00,0.00,0.00,0.00,0.00
106,Ibrahima Diaby,gn GUI,"MF,DF",Cercle Brugge,18,2007,26,10,1018,11.3,2,1,3,2,0,0,6,1,0.18,0.09,0.27,0.18,0.27
107,Mamadou Diakhon,sn SEN,"MF,FW",Club Brugge,19,2005,23,8,802,8.9,0,7,7,0,0,0,1,0,0.00,0.79,0.79,0.00,0.79
108,Ibrahim Diakité,gn GUI,"DF,MF",Cercle Brugge,21,2003,19,10,859,9.5,0,1,1,0,0,0,3,0,0.00,0.10,0.10,0.00,0.10
109,Oumar Diakité,ci CIV,FW,Cercle Brugge,21,2003,25,15,1424,15.8,7,0,7,6,1,1,4,1,0.44,0.00,0.44,0.38,0.38
110,Moussa Diarra,ml MLI,DF,Anderlecht,24,2000,12,12,966,10.7,0,0,0,0,0,0,4,0,0.00,0.00,0.00,0.00,0.00
111,Mahamadou Diawara,fr FRA,MF,Antwerp,20,2005,8,6,398,4.4,0,0,0,0,0,0,1,0,0.00,0.00,0.00,0.00,0.00
112,Daan Dierckx,be BEL,DF,Standard Liège,22,2003,20,16,1317,14.6,0,0,0,0,0,0,2,0,0.00,0.00,0.00,0.00,0.00
113,Xander Dierckx,be BEL,MF,Antwerp,16,2009,19,16,1355,15.1,1,0,1,1,0,0,4,1,0.07,0.00,0.07,0.07,0.07
114,Guillaume Dietsch,fr FRA,GK,Dender,24,2001,14,13,1195,13.3,0,0,0,0,0,0,1,0,0.00,0.00,0.00,0.00,0.00
115,Edan Diop,fr FRA,MF,Cercle Brugge,20,2004,33,31,2597,28.9,7,3,10,6,1,1,6,0,0.24,0.10,0.35,0.21,0.31
116,Moctar Diop,sn SEN,FW,Gent,20,2005,3,0,33,0.4,0,0,0,0,0,0,0,0,0.00,0.00,0.00,0.00,0.00
117,Gora Diouf,sn SEN,DF,Mechelen,21,2003,18,9,929,10.3,1,1,2,1,0,0,5,1,0.10,0.10,0.19,0.10,0.19
118,Oumar Diouf,sn SEN,FW,Sint-Truiden,22,2003,16,0,204,2.3,3,0,3,3,0,0,1,0,1.32,0.00,1.32,1.32,1.32
119,Alouis Diriken,be BEL,DF,Sint-Truiden,21,2004,7,0,69,0.8,0,0,0,0,0,0,0,0,0.00,0.00,0.00,0.00,0.00
120,Kasper Dolberg,dk DEN,FW,Anderlecht,27,1997,3,1,123,1.4,1,0,1,0,1,1,0,0,0.73,0.00,0.73,0.00,0.00
121,Mahamadou Doumbia,ml MLI,MF,Antwerp,21,2004,6,6,526,5.8,2,1,3,1,1,2,2,0,0.34,0.17,0.51,0.17,0.34
122,Vetle Dragsnes,no NOR,DF,Charleroi,31,1994,2,1,94,1.0,1,0,1,1,0,0,0,0,0.96,0.00,0.96,0.96,0.96
123,Noë Dussenne,be BEL,DF,OH Leuven,33,1992,23,22,1869,20.8,1,0,1,1,0,0,6,0,0.05,0.00,0.05,0.05,0.05
124,Jean-Kevin Duverne,ht HAI,"DF,MF",Gent,28,1997,22,12,1157,12.9,1,1,2,1,0,0,5,0,0.08,0.08,0.16,0.08,0.16
125,Dennis Eckert,,"FW,MF",Standard Liège,28,1997,35,23,1979,22.0,5,0,5,4,1,1,2,0,0.23,0.00,0.23,0.18,0.18
126,Anosike Ementa,dk DEN,FW,Zulte Waregem,23,2002,32,29,2615,29.1,4,8,12,4,0,0,5,0,0.14,0.28,0.41,0.14,0.41
127,Theo Epailly,fr FRA,FW,La Louvière,26,1999,4,1,89,1.0,0,0,0,0,0,0,0,0,0.00,0.00,0.00,0.00,0.00
128,Matthieu Epolo,be BEL,GK,Standard Liège,20,2005,29,29,2610,29.0,0,0,0,0,0,0,1,0,0.00,0.00,0.00,0.00,0.00
129,Jusef Erabi,se SWE,FW,Genk,22,2003,15,4,463,5.1,1,0,1,1,0,0,2,0,0.19,0.00,0.19,0.19,0.19
130,Jeppe Erenbjerg,dk DEN,"MF,FW",Zulte Waregem,25,2000,34,31,2676,29.7,14,3,17,13,1,2,2,0,0.47,0.10,0.57,0.44,0.54
131,Hatim Es-Saoubi,ma MAR,DF,Gent,24,2000,10,2,198,2.2,0,0,0,0,0,0,0,1,0.00,0.00,0.00,0.00,0.00
132,Wagane Faye,sn SEN,DF,La Louvière,31,1993,27,26,2302,25.6,3,1,4,3,0,0,6,0,0.12,0.04,0.16,0.12,0.16
133,Andrés Ferrari,uy URU,"FW,MF",Sint-Truiden,22,2003,20,10,867,9.6,3,1,4,2,1,2,4,0,0.31,0.10,0.42,0.21,0.31
134,Fabio Ferraro,be BEL,"DF,MF",Dender,22,2002,29,29,2524,28.0,1,3,4,1,0,0,5,0,0.04,0.11,0.14,0.04,0.14
135,Nacho Ferri,es ESP,FW,Westerlo,20,2004,36,34,2891,32.1,11,2,13,11,0,0,7,0,0.34,0.06,0.40,0.34,0.40
136,Mathias Fixelles,be BEL,MF,Westerlo,28,1996,4,0,29,0.3,0,0,0,0,0,0,0,0,0.00,0.00,0.00,0.00,0.00
137,Raul Florucz,at AUT,"FW,MF",Union SG,24,2001,24,15,1207,13.4,7,3,10,5,2,2,1,0,0.52,0.22,0.75,0.37,0.60
138,Modibo Fofana,ci CIV,MF,Antwerp,17,2007,2,0,37,0.4,1,0,1,1,0,0,0,0,2.43,0.00,2.43,2.43,2.43
139,Carlos Forbs,pt POR,MF,Club Brugge,21,2004,37,34,2794,31.0,8,8,16,8,0,0,3,0,0.26,0.26,0.52,0.26,0.52
140,Marlon Fossey,us USA,"DF,MF",Standard Liège,26,1998,20,20,1462,16.2,1,2,3,1,0,0,2,1,0.06,0.12,0.18,0.06,0.18
141,Daam Foulon,be BEL,"MF,DF",Antwerp,26,1999,33,29,2279,25.3,0,4,4,0,0,0,7,2,0.00,0.16,0.16,0.00,0.16
142,Guillaume François,be BEL,"DF,FW",Union SG,35,1990,2,0,24,0.3,0,0,0,0,0,0,0,0,0.00,0.00,0.00,0.00,0.00
143,Benjamin Fredrick,ng NGA,"DF,MF",Dender,20,2005,14,10,860,9.6,0,0,0,0,0,0,2,0,0.00,0.00,0.00,0.00,0.00
144,Matija Frigan,hr CRO,FW,Westerlo,22,2003,3,2,175,1.9,1,0,1,1,0,0,0,0,0.51,0.00,0.51,0.51,0.51
145,Darío Fuentes,es ESP,MF,La Louvière,22,2003,20,12,968,10.8,0,1,1,0,0,0,1,0,0.00,0.09,0.09,0.00,0.09
146,Kaye Furo,be BEL,FW,Club Brugge,18,2007,5,0,89,1.0,1,0,1,1,0,0,0,0,1.01,0.00,1.01,1.01,1.01
147,Mohammed Fuseini,gh GHA,"FW,MF",Union SG,23,2002,21,4,594,6.6,1,0,1,1,0,0,0,0,0.15,0.00,0.15,0.15,0.15
148,Brent Gabriël,be BEL,GK,Zulte Waregem,26,1999,36,36,3240,36.0,0,1,1,0,0,0,1,0,0.00,0.03,0.03,0.00,0.03
149,Gauthier Gallon,fr FRA,GK,Dender,32,1993,13,13,1145,12.7,0,0,0,0,0,0,1,0,0.00,0.00,0.00,0.00,0.00
150,Omri Gandelman,il ISR,MF,Gent,25,2000,18,16,1425,15.8,7,1,8,7,0,0,1,0,0.44,0.06,0.51,0.44,0.51
151,Jules Gaudin,fr FRA,DF,Charleroi,25,2000,19,6,640,7.1,0,0,0,0,0,0,1,1,0.00,0.00,0.00,0.00,0.00
152,Stavros Gavriel,cy CYP,MF,Zulte Waregem,23,2002,22,7,633,7.0,1,1,2,1,0,0,0,0,0.14,0.14,0.28,0.14,0.28
153,Wouter George,be BEL,MF,OH Leuven,23,2002,24,12,1182,13.1,1,1,2,1,0,0,2,0,0.08,0.08,0.15,0.08,0.15
154,Pieter Gerkens,be BEL,MF,Cercle Brugge,29,1995,35,31,2830,31.4,6,1,7,5,1,1,2,0,0.19,0.03,0.22,0.16,0.19
155,Marc Giger,ch SUI,"MF,FW",Union SG,21,2004,16,5,480,5.3,3,1,4,3,0,1,2,0,0.56,0.19,0.75,0.56,0.75
156,Óscar Gil,es ESP,"MF,DF",OH Leuven,28,1997,33,29,2314,25.7,2,1,3,2,0,0,14,1,0.08,0.04,0.12,0.08,0.12
157,Nolan Gillot,fr FRA,MF,La Louvière,22,2002,21,13,1283,14.3,2,4,6,2,0,0,0,0,0.14,0.28,0.42,0.14,0.42
158,Jeff Godelaine,be BEL,FW,Antwerp,18,2007,1,0,8,0.1,0,0,0,0,0,0,0,0,0.00,0.00,0.00,0.00,0.00
159,Dalangunypole Gomis,fr FRA,DF,Cercle Brugge,21,2004,1,1,69,0.8,0,0,0,0,0,0,0,0,0.00,0.00,0.00,0.00,0.00
160,Bryan Goncalves,fr FRA,DF,Dender,29,1996,26,24,2109,23.4,1,2,3,0,1,1,5,0,0.04,0.09,0.13,0.00,0.09
161,Hyllarion Goore,ci CIV,FW,Gent,19,2005,33,14,1416,15.7,5,4,9,5,0,0,2,0,0.32,0.25,0.57,0.32,0.57
162,Keisuke Gotō,jp JPN,FW,Sint-Truiden,20,2005,38,32,2878,32.0,11,7,18,9,2,2,5,0,0.34,0.22,0.56,0.28,0.50
163,Fernand Gouré,ci CIV,FW,Westerlo,23,2002,13,1,173,1.9,0,0,0,0,0,0,1,0,0.00,0.00,0.00,0.00,0.00
164,Samuel Gueulette,rw RWA,MF,La Louvière,25,2000,29,12,1266,14.1,0,0,0,0,0,0,4,0,0.00,0.00,0.00,0.00,0.00
165,Parfait Guiagon,ci CIV,MF,Charleroi,24,2001,33,29,2544,28.3,9,5,14,6,3,4,6,0,0.32,0.18,0.50,0.21,0.39
166,Mo Guindo,ml MLI,FW,La Louvière,21,2003,14,6,578,6.4,0,0,0,0,0,0,2,0,0.00,0.00,0.00,0.00,0.00
167,Andri Guðjohnsen,is ISL,FW,Gent,23,2002,2,0,5,0.1,0,0,0,0,0,0,0,0,0.00,0.00,0.00,0.00,0.00
168,Anouar Ait El Hadj,be BEL,"MF,FW",Union SG,23,2002,38,34,2635,29.3,2,5,7,2,0,0,2,0,0.07,0.17,0.24,0.07,0.24
169,Geoffry Hairemans,be BEL,MF,Antwerp,33,1991,4,1,107,1.2,0,0,0,0,0,1,0,0,0.00,0.00,0.00,0.00,0.00
170,Redouane Halhal,ma MAR,DF,Mechelen,22,2003,33,32,2847,31.6,1,2,3,1,0,0,10,0,0.03,0.06,0.09,0.03,0.09
171,Youssef Hamdaoui,be BEL,MF,Antwerp,17,2008,21,5,593,6.6,1,1,2,1,0,0,3,0,0.15,0.15,0.30,0.15,0.30
172,Fredrik Hammer,se SWE,MF,Mechelen,24,2001,38,38,3364,37.4,1,1,2,1,0,0,11,0,0.03,0.03,0.05,0.03,0.05
173,Mohamed El Hankouri,ma MAR,"MF,FW",Standard Liège,28,1997,15,6,639,7.1,0,0,0,0,0,0,0,0,0.00,0.00,0.00,0.00,0.00
174,Daiki Hashioka,jp JPN,DF,Gent,26,1999,16,15,1278,14.2,0,0,0,0,0,0,1,0,0.00,0.00,0.00,0.00,0.00
175,Dogucan Haspolat,tr TUR,MF,Westerlo,25,2000,38,38,3393,37.7,1,4,5,1,0,1,7,0,0.03,0.11,0.13,0.03,0.13
176,Taiga Hata,jp JPN,DF,Sint-Truiden,23,2002,32,28,2442,27.1,1,3,4,1,0,0,0,0,0.04,0.11,0.15,0.04,0.15
177,Ibe Hautekiet,be BEL,DF,Standard Liège,23,2002,36,32,2948,32.8,2,0,2,2,0,0,3,0,0.06,0.00,0.06,0.06,0.06
178,Thorgan Hazard,be BEL,"MF,FW",Anderlecht,32,1993,36,31,2714,30.2,13,7,20,8,5,5,6,1,0.43,0.23,0.66,0.27,0.50
179,Tobias Hedl,at AUT,"FW,MF",Zulte Waregem,22,2003,11,4,334,3.7,1,0,1,1,0,0,0,1,0.27,0.00,0.27,0.27,0.27
180,Justin Heekeren,de GER,GK,Anderlecht,24,2000,2,2,180,2.0,0,0,0,0,0,0,0,0,0.00,0.00,0.00,0.00,0.00
181,Thomas Henry,fr FRA,FW,Standard Liège,30,1994,21,17,1356,15.1,3,2,5,2,1,1,7,1,0.20,0.13,0.33,0.13,0.27
182,Matteo Heremans,be BEL,MF,OH Leuven,19,2006,1,0,45,0.5,0,0,0,0,0,0,0,0,0.00,0.00,0.00,0.00,0.00
183,Charles Herrmann,de GER,FW,Cercle Brugge,19,2006,4,0,73,0.8,0,0,0,0,0,0,0,0,0.00,0.00,0.00,0.00,0.00
184,Lucas Hey,dk DEN,DF,Anderlecht,22,2003,32,27,2516,28.0,0,0,0,0,0,0,6,0,0.00,0.00,0.00,0.00,0.00
185,Daan Heymans,be BEL,MF,Genk,26,1999,30,27,2244,24.9,10,4,14,7,3,4,3,0,0.40,0.16,0.56,0.28,0.44
186,Bryan Heynen,be BEL,MF,Genk,28,1997,39,39,3479,38.7,4,1,5,4,0,0,5,0,0.10,0.03,0.13,0.10,0.13
187,Josué Homawoo,tg TOG,DF,Standard Liège,27,1997,30,26,2181,24.2,0,1,1,0,0,0,2,1,0.00,0.04,0.04,0.00,0.04
188,David Hrnčár,sk SVK,"MF,FW",Dender,27,1997,18,9,817,9.1,2,0,2,2,0,0,1,0,0.22,0.00,0.22,0.22,0.22
189,Patrik Hrošovský,sk SVK,MF,Genk,33,1992,16,10,1005,11.2,1,1,2,1,0,0,0,0,0.09,0.09,0.18,0.09,0.18
190,César Huerta,mx MEX,"MF,FW",Anderlecht,24,2000,11,8,540,6.0,1,0,1,1,0,0,4,0,0.17,0.00,0.17,0.17,0.17
191,Oh Hyeon-gyu,kr KOR,FW,Genk,24,2001,20,13,1107,12.3,6,3,9,6,0,0,2,0,0.49,0.24,0.73,0.49,0.73
192,Hong Hyunseok,kr KOR,MF,Gent,26,1999,18,13,843,9.4,1,0,1,1,0,0,0,0,0.11,0.00,0.11,0.11,0.11
193,Chukwubuikem Ikwuemesi,ng NGA,FW,OH Leuven,23,2001,34,20,1815,20.2,4,0,4,4,0,0,4,0,0.20,0.00,0.20,0.20,0.20
194,Marco Ilaimaharitra,mg MAD,MF,Standard Liège,30,1995,31,29,2434,27.0,3,0,3,0,3,4,10,1,0.11,0.00,0.11,0.00,0.00
195,Mihajlo Ilić,rs SRB,DF,Anderlecht,22,2003,10,8,769,8.5,0,0,0,0,0,0,4,0,0.00,0.00,0.00,0.00,0.00
196,Atsuki Ito,jp JPN,MF,Gent,26,1998,29,25,2103,23.4,4,3,7,4,0,0,3,0,0.17,0.13,0.30,0.17,0.30
197,Joël Ito,be BEL,MF,La Louvière,27,1998,33,27,2332,25.9,1,1,2,1,0,0,2,0,0.04,0.04,0.08,0.04,0.08
198,Junya Itō,jp JPN,"MF,FW",Genk,32,1993,28,22,1773,19.7,6,5,11,6,0,0,4,0,0.30,0.25,0.56,0.30,0.56
199,Ryotaro Ito,jp JPN,MF,Sint-Truiden,27,1998,35,34,2821,31.3,10,5,15,6,4,4,2,0,0.32,0.16,0.48,0.19,0.35
200,Nordin Jackers,be BEL,GK,Club Brugge,27,1997,21,20,1801,20.0,0,0,0,0,0,0,1,0,0.00,0.00,0.00,0.00,0.00
201,Alireza Jahanbakhsh,ir IRN,"MF,FW",Dender,31,1993,21,9,903,10.0,1,1,2,0,1,1,5,0,0.10,0.10,0.20,0.00,0.10
202,Vincent Janssen,nl NED,FW,Antwerp,31,1994,35,35,3081,34.2,10,7,17,6,4,4,8,0,0.29,0.20,0.50,0.18,0.38
203,Wolke Janssens,be BEL,"DF,FW",Sint-Truiden,30,1995,7,0,46,0.5,0,0,0,0,0,0,0,0,0.00,0.00,0.00,0.00,0.00
204,Simen Juklerød,no NOR,DF,Sint-Truiden,31,1994,22,7,863,9.6,1,4,5,1,0,0,0,0,0.10,0.42,0.52,0.10,0.52
205,Andreas Jungdal,dk DEN,GK,Westerlo,23,2002,40,40,3600,40.0,0,0,0,0,0,0,3,0,0.00,0.00,0.00,0.00,0.00
206,Heriberto Jurado,mx MEX,MF,Cercle Brugge,20,2005,8,1,161,1.8,0,0,0,0,0,0,1,0,0.00,0.00,0.00,0.00,0.00
207,Sory Kaba,gn GUI,FW,OH Leuven,30,1995,30,16,1600,17.8,6,2,8,5,1,1,6,0,0.34,0.11,0.45,0.28,0.39
208,Jordan Kadiri,ng NGA,FW,Dender,25,2000,13,1,270,3.0,1,0,1,1,0,0,2,0,0.33,0.00,0.33,0.33,0.33
209,Abdelkahar Kadri,dz ALG,MF,Gent,25,2000,32,21,2001,22.2,2,5,7,2,0,1,5,0,0.09,0.22,0.31,0.09,0.31
210,Emmanuel Kakou,ci CIV,DF,Cercle Brugge,20,2005,24,19,1732,19.2,2,1,3,2,0,0,1,1,0.10,0.05,0.16,0.10,0.16
211,Marco Kana,be BEL,"DF,MF",Anderlecht,22,2002,26,25,2039,22.7,0,0,0,0,0,0,6,0,0.00,0.00,0.00,0.00,0.00
212,Ibrahim Kanaté,ml MLI,FW,Anderlecht,18,2006,19,0,362,4.0,2,0,2,2,0,0,1,0,0.50,0.00,0.50,0.50,0.50
213,Wilfried Kanga,ci CIV,FW,Gent,27,1998,35,32,2742,30.5,12,4,16,8,4,5,4,0,0.39,0.13,0.53,0.26,0.39
214,Ibrahim Karamoko,fr FRA,"MF,DF",Standard Liège,24,2001,31,25,2179,24.2,1,0,1,1,0,0,9,1,0.04,0.00,0.04,0.04,0.04
215,Konstantinos Karetsas,gr GRE,"MF,FW",Genk,17,2007,34,27,2235,24.8,0,10,10,0,0,0,3,0,0.00,0.40,0.40,0.00,0.40
216,Abdoul Karim Traoré,gn GUI,"FW,MF",OH Leuven,18,2007,25,11,953,10.6,2,1,3,2,0,0,3,0,0.19,0.09,0.28,0.19,0.28
217,Joris Kayembe,cd COD,DF,Genk,30,1994,28,23,2106,23.4,0,1,1,0,0,0,5,0,0.00,0.04,0.04,0.00,0.04
218,Bryang Kayo,us USA,MF,OH Leuven,23,2002,5,1,99,1.1,0,0,0,0,0,0,0,0,0.00,0.00,0.00,0.00,0.00
219,Check Keita,fr FRA,DF,Charleroi,22,2003,40,39,3435,38.2,3,0,3,3,0,0,5,0,0.08,0.00,0.08,0.08,0.08
220,Sekou Keita,be BEL,FW,Union SG,19,2006,1,0,8,0.1,0,0,0,0,0,0,0,0,0.00,0.00,0.00,0.00,0.00
221,Gyrano Kerk,sr SUR,"FW,MF",Antwerp,29,1995,27,24,2089,23.2,3,4,7,3,0,0,4,0,0.13,0.17,0.30,0.13,0.30
222,Anan Khalaili,il ISR,MF,Union SG,20,2004,38,36,3087,34.3,3,5,8,3,0,0,7,0,0.09,0.15,0.23,0.09,0.23
223,Yassine Khalifi,ma MAR,MF,Charleroi,19,2005,20,4,627,7.0,0,1,1,0,0,0,2,0,0.00,0.14,0.14,0.00,0.14
224,Jakob Kiilerich,dk DEN,DF,Zulte Waregem,25,2000,29,25,2291,25.5,0,0,0,0,0,0,3,1,0.00,0.00,0.00,0.00,0.00
225,Seiji Kimura,jp JPN,DF,Westerlo,23,2001,21,20,1838,20.4,1,0,1,1,0,0,1,0,0.05,0.00,0.05,0.05,0.05
226,Maksim Kirejeŭ,by BLR,FW,Mechelen,21,2004,13,3,295,3.3,0,0,0,0,0,0,1,0,0.00,0.00,0.00,0.00,0.00
227,Leo Kokubo,jp JPN,GK,Sint-Truiden,24,2001,38,38,3420,38.0,0,0,0,0,0,0,5,0,0.00,0.00,0.00,0.00,0.00
228,Mory Konaté,gn GUI,DF,Mechelen,31,1993,30,23,2005,22.3,2,1,3,2,0,0,7,0,0.09,0.04,0.13,0.09,0.13
229,Valy Konaté,ci CIV,"DF,MF",Cercle Brugge,18,2006,13,9,824,9.2,0,0,0,0,0,0,2,0,0.00,0.00,0.00,0.00,0.00
230,Geoffrey Kondo,fr FRA,DF,Cercle Brugge,23,2002,10,10,900,10.0,1,1,2,1,0,0,0,0,0.10,0.10,0.20,0.10,0.20
231,Mohamed Koné,ci CIV,GK,Charleroi,23,2002,19,19,1710,19.0,0,0,0,0,0,0,2,0,0.00,0.00,0.00,0.00,0.00
232,Josué Kongolo,be BEL,DF,Genk,19,2006,15,11,1050,11.7,0,0,0,0,0,0,3,0,0.00,0.00,0.00,0.00,0.00
233,Krzysztof Kotoń,pl POL,MF,Dender,22,2003,13,2,380,4.2,0,0,0,0,0,0,1,0,0.00,0.00,0.00,0.00,0.00
234,Samuel Kotto,cm CMR,DF,Gent,21,2003,8,6,489,5.4,0,0,0,0,0,0,0,1,0.00,0.00,0.00,0.00,0.00
235,Krys Kouassi,fr FRA,FW,Cercle Brugge,18,2007,12,0,126,1.4,0,0,0,0,0,0,1,0,0.00,0.00,0.00,0.00,0.00
236,Therence Koudou,fr FRA,MF,Mechelen,20,2004,37,36,3046,33.8,5,2,7,5,0,0,5,0,0.15,0.06,0.21,0.15,0.21
237,Boubakar Kouyaté,ml MLI,DF,Antwerp,28,1997,23,13,1184,13.2,1,0,1,1,0,0,7,1,0.08,0.00,0.08,0.08,0.08
238,Léandre Kuavita,be BEL,MF,Standard Liège,21,2004,13,1,317,3.5,0,0,0,0,0,0,2,0,0.00,0.00,0.00,0.00,0.00
239,Roman Květ,cz CZE,"MF,FW",Dender,27,1997,32,30,2545,28.3,5,0,5,5,0,0,5,0,0.18,0.00,0.18,0.18,0.18
240,Reda Laalaoui,ma MAR,MF,Westerlo,20,2005,3,0,41,0.5,0,0,0,0,0,0,0,0,0.00,0.00,0.00,0.00,0.00
241,Sami Lahssaini,be BEL,MF,La Louvière,26,1998,32,31,2764,30.7,1,1,2,1,0,0,4,0,0.03,0.03,0.07,0.03,0.07
242,Djibril Lamego,fr FRA,DF,La Louvière,22,2003,30,29,2554,28.4,0,0,0,0,0,0,2,0,0.00,0.00,0.00,0.00,0.00
243,Senne Lammens,be BEL,GK,Antwerp,23,2002,4,4,360,4.0,0,0,0,0,0,0,0,0,0.00,0.00,0.00,0.00,0.00
244,Bas Langenbick,be BEL,GK,Cercle Brugge,22,2003,1,1,90,1.0,0,0,0,0,0,0,0,0,0.00,0.00,0.00,0.00,0.00
245,Amando Lapage,be BEL,DF,Westerlo,20,2004,16,14,1267,14.1,0,0,0,0,0,0,3,0,0.00,0.00,0.00,0.00,0.00
246,Lion Lauberbach,de GER,FW,Mechelen,27,1998,22,21,1866,20.7,6,1,7,6,0,0,4,0,0.29,0.05,0.34,0.29,0.34
247,Tobias Lawal,at AUT,GK,Genk,25,2000,18,18,1620,18.0,0,0,0,0,0,0,2,0,0.00,0.00,0.00,0.00,0.00
248,Henry Lawrence,eng ENG,"DF,MF",Standard Liège,23,2001,30,27,2429,27.0,2,0,2,2,0,0,5,0,0.07,0.00,0.07,0.07,0.07
249,Félix Lemaréchal,fr FRA,MF,Club Brugge,21,2003,2,1,69,0.8,0,0,0,0,0,0,0,0,0.00,0.00,0.00,0.00,0.00
250,Victoir Lembi,be BEL,DF,Dender,19,2005,2,0,45,0.5,0,0,0,0,0,0,0,0,0.00,0.00,0.00,0.00,0.00
251,Laurent Lemoine,be BEL,DF,Zulte Waregem,27,1998,22,19,1671,18.6,1,0,1,1,0,0,3,0,0.05,0.00,0.05,0.05,0.05
252,Mauro Lenaerts,be BEL,MF,Mechelen,17,2007,2,0,18,0.2,0,0,0,0,0,0,0,0,0.00,0.00,0.00,0.00,0.00
253,Matt Lendfers,be BEL,GK,Sint-Truiden,19,2006,2,2,178,2.0,0,0,0,0,0,0,0,0,0.00,0.00,0.00,0.00,0.00
254,Fedde Leysen,be BEL,DF,Union SG,22,2003,27,20,1877,20.9,1,1,2,1,0,0,3,0,0.05,0.05,0.10,0.05,0.10
255,Tobe Leysen,be BEL,GK,OH Leuven,23,2002,32,32,2858,31.8,0,0,0,0,0,0,2,0,0.00,0.00,0.00,0.00,0.00
256,Jordi Liongola,bi BDI,"MF,DF",La Louvière,25,2000,31,30,2613,29.0,2,6,8,1,1,1,10,0,0.07,0.21,0.28,0.03,0.24
257,Enric Llansana,nl NED,MF,Anderlecht,24,2001,29,19,1710,19.0,0,1,1,0,0,0,7,0,0.00,0.05,0.05,0.00,0.05
258,Enrique Lofolomo,de GER,"MF,DF",Zulte Waregem,25,2000,22,14,1313,14.6,0,2,2,0,0,1,7,0,0.00,0.14,0.14,0.00,0.14
259,Thierry Lutonda,be BEL,"MF,DF",La Louvière,24,2000,26,22,1721,19.1,1,1,2,1,0,0,0,0,0.05,0.05,0.10,0.05,0.10
260,Ali Maamar,ma MAR,DF,Anderlecht,20,2005,25,14,1368,15.2,0,4,4,0,0,0,4,0,0.00,0.26,0.26,0.00,0.26
261,Kevin Mac Allister,ar ARG,DF,Union SG,27,1997,34,34,2926,32.5,1,1,2,1,0,0,11,1,0.03,0.03,0.06,0.03,0.06
262,Mathieu Maertens,be BEL,"MF,FW",OH Leuven,30,1995,35,12,1283,14.3,1,3,4,1,0,0,5,0,0.07,0.21,0.28,0.07,0.28
263,Owen Maes,fr FRA,MF,La Louvière,26,1998,22,14,1274,14.2,0,1,1,0,0,0,3,1,0.00,0.07,0.07,0.00,0.07
264,Gary Magnée,be BEL,"DF,MF",Cercle Brugge,25,1999,34,31,2888,32.1,4,7,11,0,4,5,4,0,0.12,0.22,0.34,0.00,0.22
265,Maxence Maisonneuve,fr FRA,DF,La Louvière,26,1999,31,24,2298,25.5,0,1,1,0,0,0,3,0,0.00,0.04,0.04,0.00,0.04
266,Cristian Makate,gq EQG,FW,La Louvière,22,2002,6,0,131,1.5,0,0,0,0,0,0,0,0,0.00,0.00,0.00,0.00,0.00
267,Cristian Makate,gq EQG,FW,Union SG,22,2002,2,0,48,0.5,0,0,0,0,0,0,0,0,0.00,0.00,0.00,0.00,0.00
268,Noah Makembo,be BEL,FW,La Louvière,18,2007,2,0,34,0.4,0,0,0,0,0,0,0,0,0.00,0.00,0.00,0.00,0.00
269,Luc Marijnissen,nl NED,DF,Dender,22,2003,35,35,3057,34.0,1,0,1,1,0,0,6,0,0.03,0.00,0.03,0.03,0.03
270,José Marsà,es ESP,"DF,MF",Mechelen,23,2002,33,28,2591,28.8,1,2,3,1,0,0,4,0,0.03,0.07,0.10,0.03,0.10
271,Kaito Matsuzawa,jp JPN,MF,Sint-Truiden,24,2001,32,3,712,7.9,2,2,4,2,0,0,1,0,0.25,0.25,0.51,0.25,0.51
272,Youssef Maziz,fr FRA,"MF,FW",OH Leuven,27,1998,36,24,2092,23.2,3,4,7,3,0,0,6,0,0.13,0.17,0.30,0.13,0.30
273,Jay-David Mbalanda,fr FRA,MF,Sint-Truiden,18,2007,1,0,4,0.0,0,0,0,0,0,0,0,0,0.00,0.00,0.00,0.00,0.00
274,Lucas Mbamba,be BEL,DF,Westerlo,18,2006,14,9,765,8.5,0,0,0,0,0,0,2,0,0.00,0.00,0.00,0.00,0.00
275,Noah Mbamba,be BEL,MF,Dender,20,2005,33,33,2687,29.9,2,2,4,2,0,0,4,0,0.07,0.07,0.13,0.07,0.13
276,Malick Mbaye,sn SEN,FW,Zulte Waregem,21,2004,6,0,66,0.7,1,0,1,1,0,0,0,0,1.36,0.00,1.36,1.36,1.36
277,Loïc Mbe Soh,fr FRA,DF,Sint-Truiden,24,2001,14,9,918,10.2,2,0,2,2,0,0,1,0,0.20,0.00,0.20,0.20,0.20
278,Freddy Mbemba,fr FRA,FW,Charleroi,22,2002,2,0,19,0.2,0,0,0,0,0,0,0,0,0.00,0.00,0.00,0.00,0.00
279,Isaac Mbenza,be BEL,MF,Charleroi,29,1996,4,2,188,2.1,0,0,0,0,0,0,1,0,0.00,0.00,0.00,0.00,0.00
280,Dire Mebude,sct SCO,MF,Westerlo,21,2004,13,1,389,4.3,2,0,2,2,0,0,0,0,0.46,0.00,0.46,0.46,0.46
281,Brandon Mechele,be BEL,DF,Club Brugge,32,1993,39,39,3433,38.1,5,2,7,5,0,0,4,0,0.13,0.05,0.18,0.13,0.18
282,Yaimar Medina,ec ECU,"DF,MF",Genk,20,2004,27,18,1528,17.0,0,3,3,0,0,0,4,0,0.00,0.18,0.18,0.00,0.18
283,Nayel Mehssatou,cl CHI,MF,Standard Liège,23,2002,29,10,1057,11.7,0,1,1,0,0,0,2,0,0.00,0.09,0.09,0.00,0.09
284,Bjorn Meijer,nl NED,DF,Club Brugge,22,2003,27,9,1033,11.5,1,1,2,1,0,0,1,0,0.09,0.09,0.17,0.09,0.17
285,Oucasse Mendy,fr FRA,FW,La Louvière,24,2001,17,12,923,10.3,1,0,1,1,0,0,4,0,0.10,0.00,0.10,0.10,0.10
286,Ryan Merlen,fr FRA,MF,Sint-Truiden,23,2002,33,7,968,10.8,3,1,4,3,0,0,4,1,0.28,0.09,0.37,0.28,0.37
287,Simon Mignolet,be BEL,GK,Club Brugge,37,1988,12,12,1022,11.4,0,0,0,0,0,0,1,0,0.00,0.00,0.00,0.00,0.00
288,Jovan Mijatović,rs SRB,"FW,MF",OH Leuven,20,2005,14,7,722,8.0,0,1,1,0,0,0,2,0,0.00,0.12,0.12,0.00,0.12
289,Alan Minda,ec ECU,"FW,MF",Cercle Brugge,22,2003,17,11,969,10.8,3,2,5,3,0,0,0,0,0.28,0.19,0.46,0.28,0.46
290,Nacho Miras,es ESP,GK,Mechelen,28,1997,33,33,2925,32.5,0,0,0,0,0,0,2,0,0.00,0.00,0.00,0.00,0.00
291,Robin Mirisola,be BEL,FW,Genk,18,2006,29,13,1239,13.8,4,2,6,4,0,0,3,0,0.29,0.15,0.44,0.29,0.44
292,René Mitongo,be BEL,FW,Standard Liège,17,2008,7,0,153,1.7,0,0,0,0,0,0,0,0,0.00,0.00,0.00,0.00,0.00
293,Nikola Mituljikić,rs SRB,MF,Zulte Waregem,22,2003,2,0,45,0.5,0,0,0,0,0,0,0,0,0.00,0.00,0.00,0.00,0.00
294,Tobias Mohr,de GER,"DF,MF",Standard Liège,29,1995,38,26,2286,25.4,2,2,4,2,0,0,5,0,0.08,0.08,0.16,0.08,0.16
295,Gustav Mortensen,dk DEN,"MF,DF",Standard Liège,21,2004,20,19,1736,19.3,0,0,0,0,0,0,0,0,0.00,0.00,0.00,0.00,0.00
296,Pape Moussa Fall,sn SEN,FW,La Louvière,21,2004,27,18,1774,19.7,11,1,12,10,1,1,3,0,0.56,0.05,0.61,0.51,0.56
297,Naïl Moutha-Sebtaoui,be BEL,DF,Dender,19,2005,14,1,266,3.0,0,0,0,0,0,0,3,0,0.00,0.00,0.00,0.00,0.00
298,Kerim Mrabti,se SWE,"MF,FW",Mechelen,31,1994,33,28,2285,25.4,5,3,8,5,0,0,5,0,0.20,0.12,0.32,0.20,0.32
299,Arbnor Muja,al ALB,"MF,FW",Sint-Truiden,26,1998,26,22,1846,20.5,6,2,8,5,1,1,3,1,0.29,0.10,0.39,0.24,0.34
300,Adjani Mujangi Bia,be BEL,MF,Anderlecht,15,2010,1,0,2,0.0,0,0,0,0,0,0,0,0,0.00,0.00,0.00,0.00,0.00
301,Sebastian Murru,be BEL,MF,OH Leuven,18,2007,1,0,1,0.0,0,0,0,0,0,0,0,0,0.00,0.00,0.00,0.00,0.00
302,Visar Musliu,mk MKD,DF,Sint-Truiden,30,1994,30,28,2520,28.0,0,0,0,0,0,0,4,0,0.00,0.00,0.00,0.00,0.00
303,Moussa N'Diaye,sn SEN,DF,Anderlecht,23,2002,17,9,975,10.8,0,0,0,0,0,0,2,0,0.00,0.00,0.00,0.00,0.00
304,James Nam,be BEL,MF,Standard Liège,18,2006,1,0,4,0.0,0,0,0,0,0,0,0,0,0.00,0.00,0.00,0.00,0.00
305,Flávio Nazinho,pt POR,"DF,MF",Cercle Brugge,22,2003,30,28,2553,28.4,3,8,11,3,0,0,13,0,0.11,0.28,0.39,0.11,0.39
306,Roman Neustädter,ru RUS,DF,Westerlo,37,1988,18,17,1391,15.5,0,0,0,0,0,0,3,0,0.00,0.00,0.00,0.00,0.00
307,Steve Ngoura,fr FRA,FW,Cercle Brugge,20,2005,34,26,2075,23.1,7,4,11,5,2,3,2,0,0.30,0.17,0.48,0.22,0.39
308,Bernard Nguene,cm CMR,MF,Standard Liège,18,2006,14,1,310,3.4,1,0,1,1,0,0,1,0,0.29,0.00,0.29,0.29,0.29
309,Ousseynou Niang,sn SEN,MF,Union SG,23,2001,27,18,1609,17.9,2,3,5,2,0,0,5,0,0.11,0.17,0.28,0.11,0.28
310,Casper Nielsen,dk DEN,MF,Standard Liège,31,1994,26,23,1869,20.8,5,2,7,4,1,1,5,0,0.24,0.10,0.34,0.19,0.29
311,Gustaf Nilsson,se SWE,FW,Club Brugge,28,1997,7,0,46,0.5,0,0,0,0,0,0,1,0,0.00,0.00,0.00,0.00,0.00
312,Timothée Nkada,fr FRA,FW,Standard Liège,26,1999,30,11,1245,13.8,4,1,5,3,1,1,1,1,0.29,0.07,0.36,0.22,0.29
313,Ken Nkuba,be BEL,DF,Genk,23,2002,14,5,531,5.9,1,0,1,1,0,0,2,0,0.17,0.00,0.17,0.17,0.17
314,Tochukwu Nnadi,ng NGA,MF,Zulte Waregem,22,2003,18,17,1415,15.7,0,1,1,0,0,0,7,1,0.00,0.06,0.06,0.00,0.06
315,Taishi Nozawa,jp JPN,GK,Antwerp,22,2002,30,30,2654,29.5,0,0,0,0,0,0,1,0,0.00,0.00,0.00,0.00,0.00
316,Clinton Nsiala,fr FRA,DF,Westerlo,21,2004,4,4,262,2.9,0,0,0,0,0,0,1,1,0.00,0.00,0.00,0.00,0.00
317,Bruny Nsimba,be BEL,FW,Dender,25,2000,28,22,1810,20.1,9,4,13,5,4,4,4,0,0.45,0.20,0.65,0.25,0.45
318,Nachon Nsingi,be BEL,"MF,FW",La Louvière,24,2001,10,2,260,2.9,1,0,1,1,0,0,1,0,0.35,0.00,0.35,0.35,0.35
319,Nachon Nsingi,be BEL,FW,OH Leuven,24,2001,6,0,52,0.6,0,0,0,0,0,0,3,0,0.00,0.00,0.00,0.00,0.00
320,Erick Nunes,br BRA,DF,Cercle Brugge,21,2004,15,1,307,3.4,0,1,1,0,0,0,0,0,0.00,0.29,0.29,0.00,0.29
321,Roggerio Nyakossi,ch SUI,DF,OH Leuven,21,2004,27,26,2237,24.9,4,0,4,4,0,0,4,0,0.16,0.00,0.16,0.16,0.16
322,Benoit Nyssen,be BEL,"MF,DF",Zulte Waregem,27,1997,28,20,1738,19.3,2,2,4,2,0,0,3,0,0.10,0.10,0.21,0.10,0.21
323,Mardochee Nzita,be BEL,DF,Charleroi,25,2000,38,34,3001,33.3,0,2,2,0,0,0,6,1,0.00,0.06,0.06,0.00,0.06
324,Yllan Okou,fr FRA,DF,La Louvière,22,2002,33,30,2713,30.1,1,0,1,1,0,0,6,0,0.03,0.00,0.03,0.03,0.03
325,Aimé Omgba,nl NED,MF,Gent,22,2002,19,2,432,4.8,0,0,0,0,0,0,0,0,0.00,0.00,0.00,0.00,0.00
326,Takuma Ominami,jp JPN,DF,OH Leuven,27,1997,22,18,1707,19.0,0,1,1,0,0,0,3,0,0.00,0.05,0.05,0.00,0.05
327,Raphael Onyedika,ng NGA,MF,Club Brugge,24,2001,30,22,1994,22.2,1,0,1,1,0,0,3,0,0.05,0.00,0.05,0.05,0.05
328,Davis Opoku,be BEL,"MF,DF",OH Leuven,17,2007,21,5,826,9.2,0,2,2,0,0,0,2,0,0.00,0.22,0.22,0.00,0.22
329,Joseph Opoku,gh GHA,"MF,FW",Zulte Waregem,19,2005,33,30,2443,27.1,10,7,17,10,0,0,2,0,0.37,0.26,0.63,0.37,0.63
330,Ragnar Oratmangoen,id IDN,"MF,FW",Dender,27,1998,16,3,510,5.7,1,0,1,1,0,0,1,0,0.18,0.00,0.18,0.18,0.18
331,Joel Ordóñez,ec ECU,DF,Club Brugge,21,2004,33,30,2666,29.6,3,0,3,3,0,0,4,2,0.10,0.00,0.10,0.10,0.10
332,Vince Osuji,ng NGA,DF,Club Brugge,19,2006,1,0,16,0.2,0,0,0,0,0,0,0,0,0.00,0.00,0.00,0.00,0.00
333,Zakaria El Ouahdi,ma MAR,"DF,MF",Genk,23,2001,34,34,2991,33.2,8,4,12,8,0,0,4,0,0.24,0.12,0.36,0.24,0.36
334,Kader Ouattara,bf BFA,MF,Cercle Brugge,20,2005,3,1,92,1.0,0,0,0,0,0,0,0,0,0.00,0.00,0.00,0.00,0.00
335,Dago Ourega,fr FRA,DF,Westerlo,20,2004,8,3,414,4.6,1,1,2,1,0,0,2,1,0.22,0.22,0.43,0.22,0.43
336,Aiham Ousou,sy SYR,DF,Charleroi,25,2000,39,39,3393,37.7,2,1,3,2,0,0,12,1,0.05,0.03,0.08,0.05,0.08
337,Yasin Özcan,tr TUR,DF,Anderlecht,19,2006,4,1,133,1.5,0,0,0,0,0,0,0,0,0.00,0.00,0.00,0.00,0.00
338,Halil Özdemir,tr TUR,FW,Mechelen,19,2005,7,1,184,2.0,0,0,0,0,0,0,1,0,0.00,0.00,0.00,0.00,0.00
339,Muhammadali Oʻrinboyev,uz UZB,MF,Antwerp,20,2005,5,0,131,1.5,0,0,0,0,0,0,0,0,0.00,0.00,0.00,0.00,0.00
340,Adrián Palacios,ve VEN,DF,Genk,21,2004,10,2,222,2.5,0,1,1,0,0,0,0,0,0.00,0.41,0.41,0.00,0.41
341,Maksim Paskotši,ee EST,DF,Gent,22,2003,22,22,1808,20.1,4,1,5,4,0,0,1,0,0.20,0.05,0.25,0.20,0.25
342,Afonso Patrão,pt POR,FW,Westerlo,18,2007,11,1,229,2.5,1,0,1,1,0,0,0,0,0.39,0.00,0.39,0.39,0.39
343,Louis Patris,be BEL,DF,Sint-Truiden,24,2001,6,6,517,5.7,0,1,1,0,0,0,0,0,0.00,0.17,0.17,0.00,0.17
344,Louis Patris,be BEL,MF,Union SG,24,2001,28,8,933,10.4,0,1,1,0,0,0,2,0,0.00,0.10,0.10,0.00,0.10
345,Maxime Pau,fr FRA,"MF,FW",La Louvière,25,2000,14,8,690,7.7,1,0,1,1,0,0,2,0,0.13,0.00,0.13,0.13,0.13
346,Wilguens Paugain,ht HAI,"MF,DF",Zulte Waregem,23,2001,24,15,1279,14.2,1,0,1,1,0,0,1,0,0.07,0.00,0.07,0.07,0.07
347,Ivan Pavlic,be BEL,MF,Union SG,23,2001,9,0,74,0.8,0,0,0,0,0,0,1,0,0.00,0.00,0.00,0.00,0.00
348,Marcos Peano,ar ARG,GK,La Louvière,26,1998,34,34,3060,34.0,0,0,0,0,0,0,2,0,0.00,0.00,0.00,0.00,0.00
349,Jérémy Pétris,fr FRA,DF,Charleroi,27,1998,5,4,376,4.2,0,0,0,0,0,0,0,0,0.00,0.00,0.00,0.00,0.00
350,Patrick Pflücke,de GER,MF,Mechelen,28,1996,6,4,290,3.2,0,1,1,0,0,0,0,0,0.00,0.31,0.31,0.00,0.31
351,Patrick Pflücke,de GER,MF,Charleroi,28,1996,35,29,2341,26.0,4,7,11,4,0,0,0,0,0.15,0.27,0.42,0.15,0.42
352,Arthur Piedfort,be BEL,MF,Westerlo,20,2005,36,35,2978,33.1,3,2,5,3,0,0,5,0,0.09,0.06,0.15,0.09,0.15
353,Lucas Pirard,be BEL,GK,Standard Liège,30,1995,11,11,990,11.0,0,0,0,0,0,0,1,0,0.00,0.00,0.00,0.00,0.00
354,Ewoud Pletinckx,be BEL,DF,OH Leuven,24,2000,40,40,3537,39.3,3,0,3,3,0,0,4,0,0.08,0.00,0.08,0.08,0.08
355,Dennis Praet,be BEL,MF,Antwerp,31,1994,31,29,2520,28.0,0,0,0,0,0,0,3,1,0.00,0.00,0.00,0.00,0.00
356,Maxence Prevot,fr FRA,GK,OH Leuven,28,1997,9,8,742,8.2,0,0,0,0,0,0,1,0,0.00,0.00,0.00,0.00,0.00
357,Joedrick Pupe,be BEL,DF,Sint-Truiden,28,1997,8,6,474,5.3,1,0,1,1,0,0,1,0,0.19,0.00,0.19,0.19,0.19
358,Joedrick Pupe,be BEL,DF,Dender,28,1997,4,4,313,3.5,0,0,0,0,0,0,1,0,0.00,0.00,0.00,0.00,0.00
359,Benito Raman,be BEL,FW,Mechelen,30,1994,29,10,1058,11.8,3,3,6,3,0,0,0,0,0.26,0.26,0.51,0.26,0.51
360,Mathias Rasmussen,no NOR,MF,Union SG,27,1997,16,7,714,7.9,2,1,3,2,0,0,1,0,0.25,0.13,0.38,0.25,0.38
361,Christiaan Ravych,be BEL,DF,Cercle Brugge,23,2002,27,25,2245,24.9,0,0,0,0,0,0,2,0,0.00,0.00,0.00,0.00,0.00
362,Ludovit Reis,nl NED,MF,Club Brugge,25,2000,7,3,265,2.9,0,0,0,0,0,0,1,0,0.00,0.00,0.00,0.00,0.00
363,Semm Renders,be BEL,MF,Antwerp,17,2007,12,5,627,7.0,0,0,0,0,0,0,0,0,0.00,0.00,0.00,0.00,0.00
364,Bryan Reynolds,us USA,DF,Westerlo,24,2001,39,39,3493,38.8,2,3,5,2,0,0,8,0,0.05,0.08,0.13,0.05,0.13
365,Matthis Riou,fr FRA,DF,La Louvière,24,2001,1,0,1,0.0,0,0,0,0,0,0,0,0,0.00,0.00,0.00,0.00,0.00
366,Mats Rits,be BEL,MF,Anderlecht,32,1993,3,0,90,1.0,0,0,0,0,0,0,0,0,0.00,0.00,0.00,0.00,0.00
367,Nathan Rôdes,be BEL,"MF,DF",Dender,27,1997,33,22,1986,22.1,0,0,0,0,0,0,1,0,0.00,0.00,0.00,0.00,0.00
368,Kevin Rodríguez,ec ECU,FW,Union SG,25,2000,31,22,1817,20.2,10,2,12,10,0,0,2,0,0.50,0.10,0.59,0.50,0.59
369,Davy Roef,be BEL,GK,Gent,31,1994,40,40,3600,40.0,0,0,0,0,0,0,0,0,0.00,0.00,0.00,0.00,0.00
370,Žan Rogelj,si SVN,"MF,DF",Charleroi,25,1999,2,2,151,1.7,0,0,0,0,0,0,0,0,0.00,0.00,0.00,0.00,0.00
371,Zaid Romero,ar ARG,DF,Club Brugge,25,1999,1,1,58,0.6,0,0,0,0,0,0,0,0,0.00,0.00,0.00,0.00,0.00
372,Tuur Rommens,be BEL,DF,Westerlo,22,2003,15,14,1222,13.6,0,0,0,0,0,0,2,0,0.00,0.00,0.00,0.00,0.00
373,Jakob Romsaas,no NOR,MF,Charleroi,21,2004,37,16,1753,19.5,2,3,5,2,0,0,2,0,0.10,0.15,0.26,0.10,0.26
374,Kyriani Sabbe,be BEL,DF,Club Brugge,20,2005,27,20,1643,18.3,3,3,6,3,0,0,2,0,0.16,0.16,0.33,0.16,0.33
375,Mujaid Sadick,es ESP,DF,Genk,25,2000,36,34,3014,33.5,2,0,2,2,0,0,4,1,0.06,0.00,0.06,0.06,0.06
376,Hakim Sahabo,rw RWA,MF,Standard Liège,20,2005,14,5,580,6.4,0,0,0,0,0,0,4,0,0.00,0.00,0.00,0.00,0.00
377,Marwan Al Sahafi,sa KSA,"FW,MF",Antwerp,21,2004,24,15,1316,14.6,1,0,1,1,0,0,2,0,0.07,0.00,0.07,0.07,0.07
378,Moïse Sahi Dion,ci CIV,FW,Dender,23,2001,5,0,82,0.9,0,0,0,0,0,0,0,0,0.00,0.00,0.00,0.00,0.00
379,Rafiki Said,km COM,"MF,FW",Standard Liège,25,2000,37,34,2743,30.5,8,4,12,8,0,0,4,0,0.26,0.13,0.39,0.26,0.39
380,Shunsuke Saito,jp JPN,"MF,FW",Westerlo,20,2005,17,10,853,9.5,1,1,2,1,0,0,2,0,0.11,0.11,0.21,0.11,0.21
381,Isa Sakamoto,jp JPN,MF,Westerlo,21,2003,38,38,2999,33.3,6,4,10,6,0,1,1,0,0.18,0.12,0.30,0.18,0.30
382,Nathan Saliba,ca CAN,MF,Anderlecht,21,2004,34,28,2312,25.7,3,1,4,3,0,0,14,1,0.12,0.04,0.16,0.12,0.16
383,Dikeni-Rafid Salifou,tg TOG,MF,Mechelen,22,2003,18,11,995,11.1,0,0,0,0,0,0,2,0,0.00,0.00,0.00,0.00,0.00
384,Marsoni Sambu,ao ANG,"DF,MF",Dender,29,1996,29,23,2009,22.3,0,4,4,0,0,0,6,0,0.00,0.18,0.18,0.00,0.18
385,Matisse Samoise,be BEL,"MF,DF",Gent,23,2001,18,16,1368,15.2,2,2,4,2,0,0,5,0,0.13,0.13,0.26,0.13,0.26
386,Cisse Sandra,be BEL,"MF,FW",Club Brugge,21,2003,16,6,595,6.6,1,1,2,1,0,0,2,0,0.15,0.15,0.30,0.15,0.30
387,Killian Sardella,be BEL,DF,Anderlecht,23,2002,32,22,2041,22.7,0,1,1,0,0,0,3,1,0.00,0.04,0.04,0.00,0.04
388,Nikolas Sattlberger,at AUT,MF,Genk,21,2004,24,11,974,10.8,0,1,1,0,0,0,3,0,0.00,0.09,0.09,0.00,0.09
389,Allahyar Sayyadmanesh,ir IRN,MF,Westerlo,24,2001,30,27,2223,24.7,7,3,10,3,4,4,5,0,0.28,0.12,0.40,0.12,0.24
390,Aurélien Scheidler,fr FRA,FW,Dender,27,1998,4,4,335,3.7,0,0,0,0,0,0,1,0,0.00,0.00,0.00,0.00,0.00
391,Aurélien Scheidler,fr FRA,FW,Charleroi,27,1998,36,33,2923,32.5,9,4,13,8,1,1,2,0,0.28,0.12,0.40,0.25,0.37
392,Luca Schelfhout,be BEL,DF,Antwerp,17,2007,2,0,33,0.4,0,0,0,0,0,0,0,0,0.00,0.00,0.00,0.00,0.00
393,Kjell Scherpen,nl NED,GK,Union SG,25,2000,32,32,2835,31.5,0,0,0,0,0,0,1,0,0.00,0.00,0.00,0.00,0.00
394,Rob Schoofs,be BEL,MF,Union SG,31,1994,30,14,1474,16.4,2,6,8,2,0,0,3,0,0.12,0.37,0.49,0.12,0.49
395,Rob Schoofs,be BEL,MF,Mechelen,31,1994,6,6,530,5.9,2,0,2,1,1,1,1,0,0.34,0.00,0.34,0.17,0.17
396,Siebe Schrijvers,be BEL,MF,OH Leuven,29,1996,30,25,2115,23.5,3,3,6,1,2,3,6,0,0.13,0.13,0.26,0.04,0.17
397,Christopher Scott,de GER,MF,Antwerp,23,2002,31,26,2195,24.4,6,2,8,6,0,0,3,0,0.25,0.08,0.33,0.25,0.33
398,Ilias Sebaoui,be BEL,"MF,FW",Sint-Truiden,23,2001,40,40,3253,36.1,5,6,11,5,0,0,4,0,0.14,0.17,0.30,0.14,0.30
399,Mathis Servais,be BEL,MF,Mechelen,20,2004,32,32,2788,31.0,2,4,6,2,0,0,5,0,0.06,0.13,0.19,0.06,0.19
400,Joaquin Seys,be BEL,DF,Club Brugge,20,2005,39,35,2966,33.0,2,5,7,2,0,0,3,0,0.06,0.15,0.21,0.06,0.21
401,Shion Shinkawa,jp JPN,FW,Sint-Truiden,17,2007,4,1,80,0.9,0,0,0,0,0,0,0,0,0.00,0.00,0.00,0.00,0.00
402,Sekou Sidibe,be BEL,FW,La Louvière,24,2001,5,1,147,1.6,0,0,0,0,0,0,1,0,0.00,0.00,0.00,0.00,0.00
403,Danylo Sikan,ua UKR,FW,Anderlecht,24,2001,9,6,410,4.6,2,1,3,2,0,0,1,0,0.44,0.22,0.66,0.44,0.66
404,Leonardo da Silva Lopes,pt POR,"MF,DF",Gent,26,1998,36,25,2337,26.0,1,1,2,1,0,0,3,0,0.04,0.04,0.08,0.04,0.08
405,Jan-Carlo Simic,rs SRB,DF,Anderlecht,20,2005,2,2,177,2.0,0,0,0,0,0,0,0,0,0.00,0.00,0.00,0.00,0.00
406,Hugo Siquet,be BEL,DF,Club Brugge,23,2002,31,13,1290,14.3,0,2,2,0,0,0,2,0,0.00,0.14,0.14,0.00,0.14
407,Abdoulaye Sissako,fr FRA,MF,Sint-Truiden,27,1998,40,39,3339,37.1,2,3,5,2,0,0,5,0,0.05,0.08,0.13,0.05,0.13
408,Michał Skóraś,pl POL,MF,Club Brugge,25,2000,2,0,76,0.8,0,0,0,0,0,0,0,0,0.00,0.00,0.00,0.00,0.00
409,Michał Skóraś,pl POL,MF,Gent,25,2000,31,30,2503,27.8,2,7,9,2,0,0,6,1,0.07,0.25,0.32,0.07,0.32
410,Raf Smekens,be BEL,MF,Westerlo,21,2004,2,0,46,0.5,0,0,0,0,0,0,0,0,0.00,0.00,0.00,0.00,0.00
411,Matte Smets,be BEL,DF,Genk,21,2004,39,39,3509,39.0,0,1,1,0,0,0,4,0,0.00,0.03,0.03,0.00,0.03
412,Guilherme Smith,br BRA,"MF,FW",Union SG,22,2003,22,18,1533,17.0,4,2,6,4,0,0,4,0,0.23,0.12,0.35,0.23,0.35
413,Emran Soglo,fr FRA,MF,Zulte Waregem,20,2005,18,11,1038,11.5,0,3,3,0,0,0,2,0,0.00,0.26,0.26,0.00,0.26
414,Thibo Somers,be BEL,MF,Antwerp,26,1999,32,29,2428,27.0,4,2,6,4,0,0,3,0,0.15,0.07,0.22,0.15,0.22
415,Momodou Sonko,se SWE,MF,Gent,20,2005,27,6,799,8.9,0,2,2,0,0,0,2,0,0.00,0.23,0.23,0.00,0.23
416,Yira Sor,ng NGA,"MF,FW",Genk,25,2000,27,10,1077,12.0,4,1,5,4,0,0,0,0,0.33,0.08,0.42,0.33,0.42
417,Ibrahima Sory Bangoura,gn GUI,MF,Genk,21,2004,27,17,1393,15.5,0,0,0,0,0,0,4,0,0.00,0.00,0.00,0.00,0.00
418,Christ Souanga,be BEL,DF,OH Leuven,18,2006,1,1,90,1.0,1,0,1,1,0,0,0,0,1.00,0.00,1.00,1.00,1.00
419,Bryan Soumaré,fr FRA,MF,La Louvière,26,1999,7,3,314,3.5,0,0,0,0,0,0,1,0,0.00,0.00,0.00,0.00,0.00
420,Massamba Sow,fr FRA,DF,Charleroi,21,2004,4,1,158,1.8,0,0,0,0,0,0,1,0,0.00,0.00,0.00,0.00,0.00
421,Jorne Spileers,be BEL,DF,Club Brugge,20,2005,23,13,1202,13.4,0,1,1,0,0,0,4,0,0.00,0.07,0.07,0.00,0.07
422,Charli Spoden,be BEL,MF,Standard Liège,17,2008,1,0,24,0.3,0,0,0,0,0,0,0,0,0.00,0.00,0.00,0.00,0.00
423,Tommy St. Jago,nl NED,DF,Mechelen,25,2000,28,25,2282,25.4,0,1,1,0,0,0,4,0,0.00,0.04,0.04,0.00,0.04
424,Aleksandar Stanković,rs SRB,MF,Club Brugge,19,2005,39,34,3071,34.1,6,2,8,6,0,0,4,0,0.18,0.06,0.23,0.18,0.23
425,Jarne Steuckers,be BEL,MF,Genk,23,2002,29,15,1439,16.0,0,6,6,0,0,0,1,0,0.00,0.38,0.38,0.00,0.38
426,Nikola Storm,be BEL,FW,Mechelen,30,1994,1,1,72,0.8,0,0,0,0,0,0,0,0,0.00,0.00,0.00,0.00,0.00
427,Mario Stroeykens,be BEL,MF,Anderlecht,20,2004,23,7,810,9.0,1,0,1,1,0,0,2,0,0.11,0.00,0.11,0.11,0.11
428,Ian Struyf,be BEL,DF,Mechelen,17,2007,11,6,427,4.7,0,0,0,0,0,0,2,0,0.00,0.00,0.00,0.00,0.00
429,Nikola Štulić,rs SRB,FW,Charleroi,23,2001,3,3,215,2.4,1,0,1,1,0,0,2,1,0.42,0.00,0.42,0.42,0.42
430,Franck Surdez,ch SUI,"MF,FW",Gent,23,2002,14,4,369,4.1,1,0,1,1,0,0,2,0,0.24,0.00,0.24,0.24,0.24
431,Serhiy Sydorchuk,ua UKR,MF,Westerlo,34,1991,16,3,345,3.8,0,0,0,0,0,0,0,0,0.00,0.00,0.00,0.00,0.00
432,Ross Sykes,eng ENG,DF,Union SG,26,1999,32,28,2625,29.2,5,0,5,5,0,0,9,0,0.17,0.00,0.17,0.17,0.17
433,Massire Sylla,sn SEN,DF,Union SG,20,2005,3,1,92,1.0,0,0,0,0,0,0,1,0,0.00,0.00,0.00,0.00,0.00
434,Filip Szymczak,pl POL,"FW,MF",Charleroi,23,2002,19,0,293,3.3,0,0,0,0,0,0,1,0,0.00,0.00,0.00,0.00,0.00
435,Anas Tajaouart,ma MAR,MF,Anderlecht,19,2005,1,1,45,0.5,0,0,0,0,0,0,0,0,0.00,0.00,0.00,0.00,0.00
436,Anton Tanghe,be BEL,DF,Zulte Waregem,26,1999,21,20,1659,18.4,3,0,3,0,3,3,2,0,0.16,0.00,0.16,0.00,0.00
437,Shogo Taniguchi,jp JPN,DF,Sint-Truiden,34,1991,38,32,2959,32.9,1,1,2,1,0,0,4,0,0.03,0.03,0.06,0.03,0.06
438,Ryan Teague,au AUS,MF,Mechelen,23,2002,5,0,40,0.4,0,0,0,0,0,0,0,0,0.00,0.00,0.00,0.00,0.00
439,Henok Teklab,de GER,MF,OH Leuven,26,1998,25,21,1632,18.1,3,0,3,3,0,0,4,0,0.17,0.00,0.17,0.17,0.17
440,Casper Terho,fi FIN,"MF,FW",OH Leuven,22,2003,12,6,553,6.1,0,0,0,0,0,0,2,0,0.00,0.00,0.00,0.00,0.00
441,Teddy Teuma,mt MLT,"MF,FW",Standard Liège,31,1993,9,3,375,4.2,0,1,1,0,0,0,2,0,0.00,0.24,0.24,0.00,0.24
442,Mamadou Thierno Barry,sn SEN,DF,Union SG,20,2005,2,1,67,0.7,0,0,0,0,0,0,0,0,0.00,0.00,0.00,0.00,0.00
443,Yannick Thoelen,be BEL,GK,Antwerp,35,1990,7,5,496,5.5,0,0,0,0,0,0,1,0,0.00,0.00,0.00,0.00,0.00
444,Yassine Titraoui,dz ALG,MF,Charleroi,22,2003,35,33,2900,32.2,5,1,6,5,0,0,7,0,0.16,0.03,0.19,0.16,0.19
445,David Toshevski,mk MKD,FW,Dender,24,2001,25,19,1479,16.4,4,0,4,4,0,0,5,1,0.24,0.00,0.24,0.24,0.24
446,Abdoulaye Traoré,ci CIV,"MF,FW",Zulte Waregem,22,2003,4,3,237,2.6,0,0,0,0,0,0,1,0,0.00,0.00,0.00,0.00,0.00
447,Soumaela Traoré,fr FRA,DF,La Louvière,20,2004,1,0,4,0.0,0,0,0,0,0,0,0,0,0.00,0.00,0.00,0.00,0.00
448,Nicolo Tresoldi,de GER,FW,Club Brugge,20,2004,40,29,2488,27.6,19,5,24,19,0,0,1,0,0.69,0.18,0.87,0.69,0.87
449,Yuto Tsunashima,jp JPN,DF,Antwerp,24,2000,34,32,2722,30.2,1,0,1,1,0,0,6,0,0.03,0.00,0.03,0.03,0.03
450,Eran Tuypens,be BEL,MF,Antwerp,19,2005,8,4,304,3.4,0,0,0,0,0,0,1,0,0.00,0.00,0.00,0.00,0.00
451,Christos Tzolis,gr GRE,"MF,FW",Club Brugge,23,2002,36,34,3068,34.1,17,23,40,14,3,4,6,0,0.50,0.67,1.17,0.41,1.09
452,Serxho Ujka,al ALB,"MF,FW",Zulte Waregem,26,1998,15,6,605,6.7,1,2,3,1,0,0,0,0,0.15,0.30,0.45,0.15,0.45
453,Edgaras Utkus,lt LTU,DF,Cercle Brugge,25,2000,19,17,1450,16.1,3,0,3,3,0,0,2,0,0.19,0.00,0.19,0.19,0.19
454,Kyan Vaesen,be BEL,FW,Westerlo,24,2001,19,0,278,3.1,1,1,2,1,0,0,2,0,0.32,0.32,0.65,0.32,0.65
455,Kyan Vaesen,be BEL,"FW,MF",OH Leuven,24,2001,13,7,563,6.3,1,0,1,1,0,0,2,0,0.16,0.00,0.16,0.16,0.16
456,Anthony Valencia,ec ECU,MF,Antwerp,22,2003,23,12,1330,14.8,4,2,6,4,0,0,3,0,0.27,0.14,0.41,0.27,0.41
457,Hendrik Van Crombrugge,be BEL,GK,Genk,32,1993,12,12,1080,12.0,0,0,0,0,0,0,0,0,0.00,0.00,0.00,0.00,0.00
458,Zeno Van den Bosch,be BEL,DF,Antwerp,22,2003,35,35,3068,34.1,0,1,1,0,0,0,8,1,0.00,0.03,0.03,0.00,0.03
459,Kévin Van Den Kerkhof,dz ALG,"DF,MF",Charleroi,29,1996,30,25,2108,23.4,3,4,7,3,0,0,5,1,0.13,0.17,0.30,0.13,0.30
460,Thomas Van den Keybus,be BEL,"MF,FW",Westerlo,24,2001,32,10,1131,12.6,1,0,1,1,0,0,3,0,0.08,0.00,0.08,0.08,0.08
461,Hannes Van der Bruggen,be BEL,MF,Cercle Brugge,32,1993,32,32,2554,28.4,0,1,1,0,0,0,7,0,0.00,0.04,0.04,0.00,0.04
462,Siebe Van Der Heyden,be BEL,DF,Gent,27,1998,35,33,2953,32.8,2,1,3,2,0,0,10,0,0.06,0.03,0.09,0.06,0.09
463,Rein Van Helden,be BEL,DF,Sint-Truiden,23,2002,21,21,1706,19.0,1,0,1,1,0,0,2,1,0.05,0.00,0.05,0.05,0.05
464,Rein Van Helden,be BEL,DF,Antwerp,23,2002,8,4,411,4.6,1,0,1,1,0,0,0,0,0.22,0.00,0.22,0.22,0.22
465,Hans Vanaken,be BEL,MF,Club Brugge,32,1992,39,38,3364,37.4,7,3,10,7,0,0,2,0,0.19,0.08,0.27,0.19,0.27
466,Argus Vanden Driessche,be BEL,GK,Club Brugge,18,2007,1,0,13,0.1,0,0,0,0,0,0,0,0,0.00,0.00,0.00,0.00,0.00
467,Gerard Vandeplas,be BEL,"FW,MF",Antwerp,19,2006,19,5,545,6.1,0,0,0,0,0,0,0,0,0.00,0.00,0.00,0.00,0.00
468,Charles Vanhoutte,be BEL,MF,Union SG,26,1998,5,5,450,5.0,0,1,1,0,0,0,2,0,0.00,0.20,0.20,0.00,0.20
469,Keano Vanrafelghem,be BEL,"FW,MF",Mechelen,21,2003,16,5,525,5.8,3,0,3,3,0,0,3,0,0.51,0.00,0.51,0.51,0.51
470,Robert-Jan Vanwesemael,be BEL,"DF,MF",Sint-Truiden,23,2002,37,37,3064,34.0,1,1,2,1,0,0,10,0,0.03,0.03,0.06,0.03,0.06
471,Dante Vanzeir,be BEL,"FW,MF",Cercle Brugge,27,1998,15,9,802,8.9,2,2,4,2,0,0,0,0,0.22,0.22,0.45,0.22,0.45
472,Dante Vanzeir,be BEL,FW,Gent,27,1998,5,1,148,1.6,0,0,0,0,0,0,0,0,0.00,0.00,0.00,0.00,0.00
473,Hélio Varela,cv CPV,MF,Gent,23,2002,3,2,161,1.8,0,0,0,0,0,0,0,0,0.00,0.00,0.00,0.00,0.00
474,Luis Vázquez,ar ARG,FW,Anderlecht,24,2001,14,8,691,7.7,2,0,2,2,0,0,2,0,0.26,0.00,0.26,0.26,0.26
475,Thibaud Verlinden,be BEL,"MF,FW",OH Leuven,26,1999,26,17,1455,16.2,2,4,6,2,0,0,4,0,0.12,0.25,0.37,0.12,0.37
476,Romeo Vermant,be BEL,"FW,MF",Club Brugge,21,2004,35,13,1328,14.8,8,2,10,8,0,0,3,0,0.54,0.14,0.68,0.54,0.68
477,Hannes Vernemmen,be BEL,DF,Gent,20,2005,1,0,22,0.2,0,0,0,0,0,0,0,0,0.00,0.00,0.00,0.00,0.00
478,Michael Verrips,nl NED,GK,Dender,28,1996,10,10,900,10.0,0,0,0,0,0,0,0,0,0.00,0.00,0.00,0.00,0.00
479,Yari Verschaeren,be BEL,MF,Anderlecht,24,2001,28,12,1400,15.6,1,3,4,1,0,0,1,0,0.06,0.19,0.26,0.06,0.26
480,Birger Verstraete,be BEL,MF,OH Leuven,31,1994,26,18,1710,19.0,0,0,0,0,0,0,10,2,0.00,0.00,0.00,0.00,0.00
481,Andreas Verstraeten,be BEL,"DF,MF",Antwerp,19,2006,16,9,926,10.3,0,1,1,0,0,0,3,0,0.00,0.10,0.10,0.00,0.10
482,Hugo Vetlesen,no NOR,"MF,FW",Club Brugge,25,2000,25,15,1289,14.3,5,6,11,5,0,0,4,0,0.35,0.42,0.77,0.35,0.77
483,Malcolm Viltard,fr FRA,MF,Dender,22,2002,34,32,2550,28.3,1,1,2,1,0,0,8,1,0.04,0.04,0.07,0.04,0.07
484,Thibault Vlietinck,be BEL,"MF,DF",OH Leuven,27,1997,9,4,333,3.7,0,0,0,0,0,0,3,0,0.00,0.00,0.00,0.00,0.00
485,Matties Volckaert,be BEL,DF,Gent,22,2002,26,25,2229,24.8,0,0,0,0,0,0,2,0,0.00,0.00,0.00,0.00,0.00
486,Jelle Vossen,be BEL,"FW,MF",Zulte Waregem,36,1989,17,4,457,5.1,2,0,2,1,1,1,0,0,0.39,0.00,0.39,0.20,0.20
487,Basile Vroninks,be BEL,DF,Anderlecht,18,2006,1,0,45,0.5,0,0,0,0,0,0,0,0,0.00,0.00,0.00,0.00,0.00
488,Warleson,br BRA,GK,Cercle Brugge,28,1996,19,18,1557,17.3,0,0,0,0,0,0,2,1,0.00,0.00,0.00,0.00,0.00
489,Lukas Willen,be BEL,DF,Zulte Waregem,22,2003,20,16,1440,16.0,0,1,1,0,0,0,3,0,0.00,0.06,0.06,0.00,0.06
490,Rihito Yamamoto,jp JPN,MF,Sint-Truiden,23,2001,38,38,3281,36.5,5,6,11,5,0,0,6,0,0.14,0.16,0.30,0.14,0.30
491,Ayumu Yokoyama,jp JPN,MF,Genk,22,2003,8,2,302,3.4,1,0,1,1,0,0,0,0,0.30,0.00,0.30,0.30,0.30
492,Griffin Yow,us USA,MF,Westerlo,22,2002,16,8,657,7.3,3,0,3,2,1,1,0,0,0.41,0.00,0.41,0.27,0.27
493,Moncef Zekri,ma MAR,MF,Mechelen,16,2008,16,11,824,9.2,0,0,0,0,0,0,1,0,0.00,0.00,0.00,0.00,0.00
494,Besfort Zeneli,se SWE,"MF,FW",Union SG,22,2002,15,8,766,8.5,3,6,9,3,0,0,0,0,0.35,0.70,1.06,0.35,1.06
495,Adem Zorgane,dz ALG,MF,Union SG,25,2000,37,34,2963,32.9,4,4,8,4,0,0,7,0,0.12,0.12,0.24,0.12,0.24
496,Łukasz Łakomy,pl POL,MF,OH Leuven,24,2001,32,25,2113,23.5,3,3,6,3,0,0,6,0,0.13,0.13,0.26,0.13,0.26
